{
  "run_id": "run_0007",
  "params": {
    "keil8": 3.205759370694104e-08,
    "km1il6": 4.8548892615130896e-08,
    "km2il10": 8.77956437520835e-09,
    "km2tgf": 5.20524669865902e-08,
    "lnril8": 0.26704792251999915,
    "sigmoidb": 3.6267140943842078,
    "init_ec": 92,
    "init_n": 114,
    "init_m": 74,
    "init_f": 10
  }
}