{
  "run_id": "run_0013",
  "params": {
    "keil8": 4.564932107527443e-08,
    "km1il6": 5.050420501627798e-08,
    "km2il10": 7.226200005548708e-09,
    "km2tgf": 6.027024059405893e-08,
    "lnril8": 0.19293757873920714,
    "sigmoidb": 2.8601442203381313,
    "init_ec": 88,
    "init_n": 96,
    "init_m": 114,
    "init_f": 12
  }
}