{
  "mode": "predictive_consistency",
  "cytokine": "il8",
  "n_runs": 100,
  "run_ids": [
    "run_0001",
    "run_0002",
    "run_0003",
    "run_0004",
    "run_0005",
    "run_0006",
    "run_0007",
    "run_0008",
    "run_0009",
    "run_0010",
    "run_0011",
    "run_0012",
    "run_0013",
    "run_0014",
    "run_0015",
    "run_0016",
    "run_0017",
    "run_0018",
    "run_0019",
    "run_0020",
    "run_0021",
    "run_0022",
    "run_0023",
    "run_0024",
    "run_0025",
    "run_0026",
    "run_0027",
    "run_0028",
    "run_0029",
    "run_0030",
    "run_0031",
    "run_0032",
    "run_0033",
    "run_0034",
    "run_0035",
    "run_0036",
    "run_0037",
    "run_0038",
    "run_0039",
    "run_0040",
    "run_0041",
    "run_0042",
    "run_0043",
    "run_0044",
    "run_0045",
    "run_0046",
    "run_0047",
    "run_0048",
    "run_0049",
    "run_0050",
    "run_0051",
    "run_0052",
    "run_0053",
    "run_0054",
    "run_0055",
    "run_0056",
    "run_0057",
    "run_0058",
    "run_0059",
    "run_0060",
    "run_0061",
    "run_0062",
    "run_0063",
    "run_0064",
    "run_0065",
    "run_0066",
    "run_0067",
    "run_0068",
    "run_0069",
    "run_0070",
    "run_0071",
    "run_0072",
    "run_0073",
    "run_0074",
    "run_0075",
    "run_0076",
    "run_0077",
    "run_0078",
    "run_0079",
    "run_0080",
    "run_0081",
    "run_0082",
    "run_0083",
    "run_0084",
    "run_0085",
    "run_0086",
    "run_0087",
    "run_0088",
    "run_0089",
    "run_0090",
    "run_0091",
    "run_0092",
    "run_0093",
    "run_0094",
    "run_0095",
    "run_0096",
    "run_0097",
    "run_0098",
    "run_0099",
    "run_0100"
  ],
  "reference_levels": {
    "surface_fit_ceiling_mean": 0.8714733537034894,
    "surface_fit_ceiling_std": 0.0023777532660043243,
    "forward_map_baseline_mean": 0.8713110165978134,
    "forward_map_baseline_std": 0.003295959570595112
  },
  "arms": {
    "surrogate": {
      "label": "surrogate observables",
      "trajectory_r2_mean": 0.8700563533553796,
      "trajectory_r2_std": 0.007988731705586742,
      "trajectory_r2_median": 0.8710564697966119,
      "trajectory_r2_frac_above_0.9": 0.0,
      "trajectory_r2_per_run": {
        "run_0001": 0.8725753679449616,
        "run_0002": 0.874332987154671,
        "run_0003": 0.8706351070227172,
        "run_0004": 0.8766332228801297,
        "run_0005": 0.8761808472574169,
        "run_0006": 0.867966791985598,
        "run_0007": 0.866269622322491,
        "run_0008": 0.8732381357408453,
        "run_0009": 0.8707616865400061,
        "run_0010": 0.8698502109699405,
        "run_0011": 0.8813735755659575,
        "run_0012": 0.8759602703292155,
        "run_0013": 0.8677249572343592,
        "run_0014": 0.8742205725390165,
        "run_0015": 0.8735325669675962,
        "run_0016": 0.8544748624644501,
        "run_0017": 0.8672942295076592,
        "run_0018": 0.8728206017618343,
        "run_0019": 0.8689077156571382,
        "run_0020": 0.8597711563898506,
        "run_0021": 0.871074886592009,
        "run_0022": 0.8709302071593062,
        "run_0023": 0.8690352375508318,
        "run_0024": 0.8674412467306184,
        "run_0025": 0.8740288137378456,
        "run_0026": 0.8669089981879028,
        "run_0027": 0.8727180952406979,
        "run_0028": 0.8747836317424895,
        "run_0029": 0.870839769898271,
        "run_0030": 0.8732394593783442,
        "run_0031": 0.8729337999289606,
        "run_0032": 0.8696818670751745,
        "run_0033": 0.8749458105801234,
        "run_0034": 0.8733685454621182,
        "run_0035": 0.877046342841273,
        "run_0036": 0.8762649201506686,
        "run_0037": 0.8708195923635098,
        "run_0038": 0.8703981904744376,
        "run_0039": 0.8718011906334263,
        "run_0040": 0.8713618042283113,
        "run_0041": 0.8761428333915353,
        "run_0042": 0.8730820718090171,
        "run_0043": 0.8662844986629052,
        "run_0044": 0.8748061582143372,
        "run_0045": 0.8775386654857065,
        "run_0046": 0.8671625467586725,
        "run_0047": 0.8678352582323584,
        "run_0048": 0.8669814137249903,
        "run_0049": 0.8682467468036705,
        "run_0050": 0.8780323248986023,
        "run_0051": 0.8292399506138646,
        "run_0052": 0.8726024717298264,
        "run_0053": 0.8726493572367213,
        "run_0054": 0.8715598015922842,
        "run_0055": 0.8707831944869071,
        "run_0056": 0.873752174252628,
        "run_0057": 0.8633620646503712,
        "run_0058": 0.8710380530012146,
        "run_0059": 0.8732517514391309,
        "run_0060": 0.8744450772845159,
        "run_0061": 0.8693554613990502,
        "run_0062": 0.8726413837181864,
        "run_0063": 0.8696074083273049,
        "run_0064": 0.8755125318957981,
        "run_0065": 0.8725127527106286,
        "run_0066": 0.8708305139535302,
        "run_0067": 0.8619552718785035,
        "run_0068": 0.866121336965533,
        "run_0069": 0.8768269660201488,
        "run_0070": 0.8780150770809865,
        "run_0071": 0.8690521044674056,
        "run_0072": 0.8720109975980975,
        "run_0073": 0.8670866448013687,
        "run_0074": 0.878360944977041,
        "run_0075": 0.8707641661857659,
        "run_0076": 0.8642588994306919,
        "run_0077": 0.8684690201337717,
        "run_0078": 0.8703243657301838,
        "run_0079": 0.8733103196128864,
        "run_0080": 0.8751897221013236,
        "run_0081": 0.8753313174387612,
        "run_0082": 0.8658370916762577,
        "run_0083": 0.8201130854852159,
        "run_0084": 0.8695850527144207,
        "run_0085": 0.8608812825343234,
        "run_0086": 0.8738852552431479,
        "run_0087": 0.870717253034102,
        "run_0088": 0.8731631332124591,
        "run_0089": 0.8678058438523081,
        "run_0090": 0.8687443387178801,
        "run_0091": 0.8659938856699314,
        "run_0092": 0.8551302697075669,
        "run_0093": 0.8763954708733404,
        "run_0094": 0.8693604116822968,
        "run_0095": 0.8719258612148079,
        "run_0096": 0.876062582404842,
        "run_0097": 0.8742927179600846,
        "run_0098": 0.8744656263647994,
        "run_0099": 0.8690151605553385,
        "run_0100": 0.8617804937464325
      },
      "parameter_r2": {
        "init_ec": 0.33760404361958785,
        "keil8": 0.19074287830261016,
        "sigmoidb": -1.337102517486222,
        "init_n": -1.5335781528727872,
        "lnril8": -0.8756615864770492
      }
    },
    "abm_baseline": {
      "label": "ABM observables",
      "trajectory_r2_mean": 0.7208355341769646,
      "trajectory_r2_std": 0.24380956904327877,
      "trajectory_r2_median": 0.8153059404107152,
      "trajectory_r2_frac_above_0.9": 0.0,
      "trajectory_r2_per_run": {
        "run_0001": 0.6846238961687542,
        "run_0002": 0.86568329120352,
        "run_0003": -0.06360979508711306,
        "run_0004": 0.5849893435640218,
        "run_0005": 0.6329259058853255,
        "run_0006": 0.7046688297913775,
        "run_0007": 0.6630157348963115,
        "run_0008": 0.8224862802955573,
        "run_0009": 0.8651966237189658,
        "run_0010": 0.8749976518622021,
        "run_0011": 0.5220790028444592,
        "run_0012": -0.7067695942339893,
        "run_0013": 0.4914637625638527,
        "run_0014": 0.802420391968991,
        "run_0015": 0.8401207072749985,
        "run_0016": 0.7448668110873177,
        "run_0017": 0.4788376585602523,
        "run_0018": 0.8002595418925241,
        "run_0019": 0.8632576947772718,
        "run_0020": 0.7597902594853609,
        "run_0021": 0.8482253213579648,
        "run_0022": 0.864215594004444,
        "run_0023": 0.6755535091118743,
        "run_0024": 0.780967149405213,
        "run_0025": 0.8263967641402205,
        "run_0026": 0.63585964658791,
        "run_0027": 0.8675217261080512,
        "run_0028": 0.8644319133672229,
        "run_0029": 0.7982714108712893,
        "run_0030": 0.8463513200449662,
        "run_0031": 0.4725922789936101,