{
  "run_id": "run_0009",
  "params": {
    "keil8": 4.53965506315634e-08,
    "km1il6": 4.681506995130666e-08,
    "km2il10": 8.183369082690033e-09,
    "km2tgf": 4.885991424909253e-08,
    "lnril8": 0.2484659318902992,
    "sigmoidb": 4.261838851341384,
    "init_ec": 112,
    "init_n": 135,
    "init_m": 89,
    "init_f": 8
  }
}