{
  "run_id": "run_0014",
  "params": {
    "keil8": 4.0364081245362376e-08,
    "km1il6": 3.7185386637072474e-08,
    "km2il10": 6.348852248713485e-09,
    "km2tgf": 3.2849543121396924e-08,
    "lnril8": 0.30611362676277787,
    "sigmoidb": 5.199452707095288,
    "init_ec": 109,
    "init_n": 112,
    "init_m": 130,
    "init_f": 10
  }
}