{
  "run_id": "run_0008",
  "params": {
    "keil8": 4.199178718656024e-08,
    "km1il6": 4.706453450573552e-08,
    "km2il10": 9.666596861702936e-09,
    "km2tgf": 5.8081163610624395e-08,
    "lnril8": 0.26641254588746643,
    "sigmoidb": 3.993246786591472,
    "init_ec": 111,
    "init_n": 128,
    "init_m": 85,
    "init_f": 9
  }
}