{
  "run_id": "run_0004",
  "params": {
    "keil8": 4.795172565551758e-08,
    "km1il6": 5.217478923355813e-08,
    "km2il10": 5.640337858883785e-09,
    "km2tgf": 4.4322937948976925e-08,
    "lnril8": 0.2312956662830863,
    "sigmoidb": 4.691452687381977,
    "init_ec": 95,
    "init_n": 87,
    "init_m": 70,
    "init_f": 10
  }
}