{
  "run_id": "run_0006",
  "params": {
    "keil8": 3.099722148062083e-08,
    "km1il6": 3.791482609922892e-08,
    "km2il10": 5.304588403012405e-09,
    "km2tgf": 4.4520508426820915e-08,
    "lnril8": 0.21144225193206048,
    "sigmoidb": 3.5972625032554726,
    "init_ec": 114,
    "init_n": 121,
    "init_m": 90,
    "init_f": 11
  }
}