{
  "run_id": "run_0002",
  "params": {
    "keil8": 3.610523326232958e-08,
    "km1il6": 5.268497541945453e-08,
    "km2il10": 6.256026069596373e-09,
    "km2tgf": 5.623629341495086e-08,
    "lnril8": 0.232834878701759,
    "sigmoidb": 4.7865462706771655,
    "init_ec": 93,
    "init_n": 98,
    "init_m": 107,
    "init_f": 11
  }
}