{
    "grid": 50,
    "seed": 1,
    "cytokine": "il8",
    "run": "run_0062",
    "best_params": {
        "base_filters": 16,
        "depth": 2,
        "dropout": 0.22925770531929368,
        "learning_rate": 0.000871870077883703,
        "batch_size": 2
    },
    "optuna_best_val_loss": 0.0062255859375,
    "train_time_seconds": 78.17,
    "pred_time_seconds": 1.74,
    "results": {
        "Near_Horizon_t82_t91": {
            "Global_R2": 0.9935914470252677,
            "Per_Timestep_R2": [
                0.9945800304942565,
                0.9943829351370689,
                0.994153273046729,
                0.9939263552752238,
                0.9937317310441194,
                0.9934826876336175,
                0.9932885438167326,
                0.9930600665501792,
                0.9928115555221664,
                0.9925737358550123
            ],
            "Masked_RMSE": 6.737223281685909e-10,
            "Unmasked_RMSE": 2.0693379502930624e-10,
            "Avg_Dice": 0.9752773678946456,
            "Dice_Empty_Skipped": 0,
            "Spatial_Correlation": 0.9968481551701237,
            "SSIM": 0.9824520072048353,
            "SSIM_Skipped_Frames": 0,
            "Slice_2D": {
                "xy_midplane_z": {
                    "R2": 0.994530158876767,
                    "SSIM": 0.9712027179901801,
                    "Skipped_Frames": 0
                },
                "xz_midplane_y": {
                    "R2": 0.9912082564753103,
                    "SSIM": 0.9701807539436889,
                    "Skipped_Frames": 0
                },
                "yz_midplane_x": {
                    "R2": 0.9934399833753677,
                    "SSIM": 0.9664058507643603,
                    "Skipped_Frames": 0
                }
            }
        },
        "Far_Horizon_t92_t100": {
            "Global_R2": 0.9914472910658922,
            "Per_Timestep_R2": [
                0.9923613125168521,
                0.9921379958157434,
                0.9919003475973411,
                0.9917116381201899,
                0.9914529658197403,
                0.9912076624887652,
                0.9909764398218787,
                0.9907599688843192,
                0.9905581042480559
            ],
            "Masked_RMSE": 7.274185845328116e-10,
            "Unmasked_RMSE": 2.45756590324194e-10,
            "Avg_Dice": 0.9747630532805296,
            "Dice_Empty_Skipped": 0,
            "Spatial_Correlation": 0.9957844296035631,
            "SSIM": 0.9787052498189536,
            "SSIM_Skipped_Frames": 0,
            "Slice_2D": {
                "xy_midplane_z": {
                    "R2": 0.9932336873147752,
                    "SSIM": 0.9653279452846775,
                    "Skipped_Frames": 0
                },
                "xz_midplane_y": {
                    "R2": 0.9885436823308227,
                    "SSIM": 0.964422226640794,
                    "Skipped_Frames": 0
                },
                "yz_midplane_x": {
                    "R2": 0.9920210702374358,
                    "SSIM": 0.9626818233495938,
                    "Skipped_Frames": 0
                }
            }
        }
    }
}