{
    "grid": 50,
    "seed": 42,
    "cytokine": "il8",
    "run": "run_0062",
    "best_params": {
        "base_filters": 16,
        "depth": 2,
        "dropout": 0.22925770531929368,
        "learning_rate": 0.000871870077883703,
        "batch_size": 2
    },
    "optuna_best_val_loss": 0.0062255859375,
    "train_time_seconds": 72.69,
    "pred_time_seconds": 1.27,
    "results": {
        "Near_Horizon_t82_t91": {
            "Global_R2": 0.9908291161692391,
            "Per_Timestep_R2": [
                0.9919870410425656,
                0.9917506349080014,
                0.9914918317107094,
                0.9912565247802952,
                0.9909928034650336,
                0.9907190421296367,
                0.9904348532349138,
                0.9901705882401469,
                0.9899385638884731,
                0.9896296249090379
            ],
            "Masked_RMSE": 5.805312709480574e-10,
            "Unmasked_RMSE": 2.475466361958279e-10,
            "Avg_Dice": 0.965611211990413,
            "Dice_Empty_Skipped": 0,
            "Spatial_Correlation": 0.9954621366420697,
            "SSIM": 0.9761632907031581,
            "SSIM_Skipped_Frames": 0,
            "Slice_2D": {
                "xy_midplane_z": {
                    "R2": 0.9886688974562446,
                    "SSIM": 0.9281718637417649,
                    "Skipped_Frames": 0
                },
                "xz_midplane_y": {
                    "R2": 0.9885018299192803,
                    "SSIM": 0.9557790601924963,
                    "Skipped_Frames": 0
                },
                "yz_midplane_x": {
                    "R2": 0.9881739325065413,
                    "SSIM": 0.9464214072437276,
                    "Skipped_Frames": 0
                }
            }
        },
        "Far_Horizon_t92_t100": {
            "Global_R2": 0.9884359553872031,
            "Per_Timestep_R2": [
                0.9894109997321162,
                0.9891907512855995,
                0.9889361104495645,
                0.9887303374814879,
                0.9884524412705897,
                0.9881702523921398,
                0.9879387784657285,
                0.9876764824494534,
                0.9874531833740036
            ],
            "Masked_RMSE": 6.015913349461737e-10,
            "Unmasked_RMSE": 2.857644537788392e-10,
            "Avg_Dice": 0.9670961873452512,
            "Dice_Empty_Skipped": 0,
            "Spatial_Correlation": 0.9942959736599264,
            "SSIM": 0.97212914881155,
            "SSIM_Skipped_Frames": 0,
            "Slice_2D": {
                "xy_midplane_z": {
                    "R2": 0.9860063253350559,
                    "SSIM": 0.9166306253331149,
                    "Skipped_Frames": 0
                },
                "xz_midplane_y": {
                    "R2": 0.9861899109074641,
                    "SSIM": 0.9495784803369632,
                    "Skipped_Frames": 0
                },
                "yz_midplane_x": {
                    "R2": 0.9848644352630918,
                    "SSIM": 0.9356805217530201,
                    "Skipped_Frames": 0
                }
            }
        }
    }
}