{
    "grid": 50,
    "seed": 100,
    "cytokine": "il10",
    "run": "run_0062",
    "best_params": {
        "base_filters": 32,
        "depth": 3,
        "dropout": 0.022365193103931248,
        "learning_rate": 0.0009413993046829941,
        "batch_size": 1
    },
    "optuna_best_val_loss": 0.0012496948475018144,
    "train_time_seconds": 120.14,
    "pred_time_seconds": 1.77,
    "results": {
        "Near_Horizon_t82_t91": {
            "Global_R2": 0.13497920137023967,
            "Per_Timestep_R2": [
                0.22311667572473703,
                0.18986218268086552,
                0.17638029594263616,
                0.16198206898659573,
                0.14560662624777854,
                0.1278506882095456,
                0.10280157013551372,
                0.09153525305385657,
                0.07283604635982721,
                0.052975097702435026
            ],
            "Masked_RMSE": 3.679641737670545e-10,
            "Unmasked_RMSE": 1.2419821007018378e-10,
            "Avg_Dice": 0.2798386944274277,
            "Dice_Empty_Skipped": 0,
            "Spatial_Correlation": 0.4135526691712204,
            "SSIM": 0.7922414688338251,
            "SSIM_Skipped_Frames": 0,
            "Slice_2D": {
                "xy_midplane_z": {
                    "R2": 0.14017689010894743,
                    "SSIM": 0.7938453131736695,
                    "Skipped_Frames": 0
                },
                "xz_midplane_y": {
                    "R2": -0.05806648812859707,
                    "SSIM": 0.6869183470739199,
                    "Skipped_Frames": 0
                },
                "yz_midplane_x": {
                    "R2": -0.5138230922042131,
                    "SSIM": 0.8922037238653576,
                    "Skipped_Frames": 0
                }
            }
        },
        "Far_Horizon_t92_t100": {
            "Global_R2": -0.019292941361732874,
            "Per_Timestep_R2": [
                0.03793219611977938,
                0.025059217354168384,
                0.011504634666495872,
                -0.006873417089169331,
                -0.01994387822644006,
                -0.03972434201491626,
                -0.04540688082894517,
                -0.06184805422213224,
                -0.07719376449045434
            ],
            "Masked_RMSE": 3.921744550878971e-10,
            "Unmasked_RMSE": 1.324853185301475e-10,
            "Avg_Dice": 0.1977601656484383,
            "Dice_Empty_Skipped": 0,
            "Spatial_Correlation": 0.2681370863031932,
            "SSIM": 0.7568900937390812,
            "SSIM_Skipped_Frames": 0,
            "Slice_2D": {
                "xy_midplane_z": {
                    "R2": -0.03840014322441786,
                    "SSIM": 0.7734930314305323,
                    "Skipped_Frames": 0
                },
                "xz_midplane_y": {
                    "R2": -0.1157488990814266,
                    "SSIM": 0.6778623552664745,
                    "Skipped_Frames": 0
                },
                "yz_midplane_x": {
                    "R2": 0.0026722588934073987,
                    "SSIM": 0.8627153623934954,
                    "Skipped_Frames": 0
                }
            }
        }
    }
}