{
    "grid": 50,
    "seed": 1,
    "cytokine": "il10",
    "run": "run_0062",
    "best_params": {
        "base_filters": 32,
        "depth": 3,
        "dropout": 0.022365193103931248,
        "learning_rate": 0.0009413993046829941,
        "batch_size": 1
    },
    "optuna_best_val_loss": 0.0012496948475018144,
    "train_time_seconds": 122.75,
    "pred_time_seconds": 1.86,
    "results": {
        "Near_Horizon_t82_t91": {
            "Global_R2": 0.2262942429987198,
            "Per_Timestep_R2": [
                0.3136131322614638,
                0.2774220003659228,
                0.26884775973265884,
                0.248011361348899,
                0.23401835659606351,
                0.22266964089669716,
                0.19350360652391585,
                0.1782834308876331,
                0.1701278949482672,
                0.15232471793877445
            ],
            "Masked_RMSE": 3.6833281179382213e-10,
            "Unmasked_RMSE": 1.1745999450006923e-10,
            "Avg_Dice": 0.21845481625310872,
            "Dice_Empty_Skipped": 0,
            "Spatial_Correlation": 0.5137016871445836,
            "SSIM": 0.817314733499056,
            "SSIM_Skipped_Frames": 0,
            "Slice_2D": {
                "xy_midplane_z": {
                    "R2": 0.4692860759439349,
                    "SSIM": 0.7837583155936694,
                    "Skipped_Frames": 0
                },
                "xz_midplane_y": {
                    "R2": 0.14166670598708855,
                    "SSIM": 0.7267634122691181,
                    "Skipped_Frames": 0
                },
                "yz_midplane_x": {
                    "R2": -0.6907887669450389,
                    "SSIM": 0.8509851320960088,
                    "Skipped_Frames": 0
                }
            }
        },
        "Far_Horizon_t92_t100": {
            "Global_R2": 0.09246391852920566,
            "Per_Timestep_R2": [
                0.13635633172626938,
                0.1255568153093306,
                0.11614792551894693,
                0.10532965743052924,
                0.09488414124017752,
                0.08362256189075368,
                0.06846831770655404,
                0.05584518938571892,
                0.04349240889015593
            ],
            "Masked_RMSE": 3.885240353342878e-10,
            "Unmasked_RMSE": 1.2501156617621338e-10,
            "Avg_Dice": 0.17765813141143283,
            "Dice_Empty_Skipped": 0,
            "Spatial_Correlation": 0.41400068495270254,
            "SSIM": 0.7809889843927983,
            "SSIM_Skipped_Frames": 0,
            "Slice_2D": {
                "xy_midplane_z": {
                    "R2": 0.24084119858541367,
                    "SSIM": 0.7453876107298888,
                    "Skipped_Frames": 0
                },
                "xz_midplane_y": {
                    "R2": 0.10327441501674516,
                    "SSIM": 0.7006897814384049,
                    "Skipped_Frames": 0
                },
                "yz_midplane_x": {
                    "R2": -0.012901443234855252,
                    "SSIM": 0.8049863038957824,
                    "Skipped_Frames": 0
                }
            }
        }
    }
}