{
    "grid": 50,
    "seed": 100,
    "cytokine": "il8",
    "run": "run_0062",
    "best_params": {
        "base_filters": 16,
        "depth": 2,
        "dropout": 0.22925770531929368,
        "learning_rate": 0.000871870077883703,
        "batch_size": 2
    },
    "optuna_best_val_loss": 0.0062255859375,
    "train_time_seconds": 100.48,
    "pred_time_seconds": 1.76,
    "results": {
        "Near_Horizon_t82_t91": {
            "Global_R2": 0.9930546945834046,
            "Per_Timestep_R2": [
                0.994041110842613,
                0.9938452189091999,
                0.9936262936361889,
                0.993393141289354,
                0.9932091870357252,
                0.9929949541285304,
                0.9927489062165772,
                0.9925301796334828,
                0.9922446876902449,
                0.9919883770154906
            ],
            "Masked_RMSE": 6.202354999247469e-10,
            "Unmasked_RMSE": 2.1542549888687123e-10,
            "Avg_Dice": 0.9732704781331769,
            "Dice_Empty_Skipped": 0,
            "Spatial_Correlation": 0.9965551700962534,
            "SSIM": 0.9829027056439221,
            "SSIM_Skipped_Frames": 0,
            "Slice_2D": {
                "xy_midplane_z": {
                    "R2": 0.9921687626967627,
                    "SSIM": 0.9695656103747771,
                    "Skipped_Frames": 0
                },
                "xz_midplane_y": {
                    "R2": 0.9908581064833039,
                    "SSIM": 0.9665880565265506,
                    "Skipped_Frames": 0
                },
                "yz_midplane_x": {
                    "R2": 0.9940749888641461,
                    "SSIM": 0.9712851863170824,
                    "Skipped_Frames": 0
                }
            }
        },
        "Far_Horizon_t92_t100": {
            "Global_R2": 0.9909236333911844,
            "Per_Timestep_R2": [
                0.9917746562263378,
                0.9915409700273657,
                0.99135416759248,
                0.9911347836468284,
                0.9909488273498526,
                0.9907098196216989,
                0.9905108636138376,
                0.9903030825904822,
                0.99006862283756
            ],
            "Masked_RMSE": 6.99855755358407e-10,
            "Unmasked_RMSE": 2.5316830936018245e-10,
            "Avg_Dice": 0.9728588927608826,
            "Dice_Empty_Skipped": 0,
            "Spatial_Correlation": 0.9954758974621308,
            "SSIM": 0.9790245513949656,
            "SSIM_Skipped_Frames": 0,
            "Slice_2D": {
                "xy_midplane_z": {
                    "R2": 0.9891013668941822,
                    "SSIM": 0.9619106570740404,
                    "Skipped_Frames": 0
                },
                "xz_midplane_y": {
                    "R2": 0.9879684501461384,
                    "SSIM": 0.9585005347018218,
                    "Skipped_Frames": 0
                },
                "yz_midplane_x": {
                    "R2": 0.9915428343148113,
                    "SSIM": 0.9644003570447366,
                    "Skipped_Frames": 0
                }
            }
        }
    }
}