{
    "grid": 50,
    "seed": 42,
    "cytokine": "il10",
    "run": "run_0062",
    "best_params": {
        "base_filters": 32,
        "depth": 3,
        "dropout": 0.022365193103931248,
        "learning_rate": 0.0009413993046829941,
        "batch_size": 1
    },
    "optuna_best_val_loss": 0.0012496948475018144,
    "train_time_seconds": 127.22,
    "pred_time_seconds": 1.59,
    "results": {
        "Near_Horizon_t82_t91": {
            "Global_R2": 0.5636142493999646,
            "Per_Timestep_R2": [
                0.6339038867953262,
                0.5758746242342048,
                0.6025204027020292,
                0.5853721370460618,
                0.5665989745387541,
                0.5659473646480653,
                0.5271770954458632,
                0.5252421135692283,
                0.5289021452082948,
                0.5234283556689344
            ],
            "Masked_RMSE": 3.681155637767871e-10,
            "Unmasked_RMSE": 8.82139649025079e-11,
            "Avg_Dice": 0.42073234659671577,
            "Dice_Empty_Skipped": 0,
            "Spatial_Correlation": 0.7820539515860717,
            "SSIM": 0.8553462335674034,
            "SSIM_Skipped_Frames": 0,
            "Slice_2D": {
                "xy_midplane_z": {
                    "R2": 0.574116517525997,
                    "SSIM": 0.8246730867484894,
                    "Skipped_Frames": 0
                },
                "xz_midplane_y": {
                    "R2": 0.5651301837658249,
                    "SSIM": 0.7707649865580162,
                    "Skipped_Frames": 0
                },
                "yz_midplane_x": {
                    "R2": 0.007085940392906343,
                    "SSIM": 0.9089417984356677,
                    "Skipped_Frames": 0
                }
            }
        },
        "Far_Horizon_t92_t100": {
            "Global_R2": 0.4631754001137848,
            "Per_Timestep_R2": [
                0.4974616851277617,
                0.4928247036136354,
                0.47011456178404654,
                0.46577088631717034,
                0.4801812312622673,
                0.46170352306869944,
                0.4415112515084757,
                0.44223976122370157,
                0.41532473136156056
            ],
            "Masked_RMSE": 3.9171858511515525e-10,
            "Unmasked_RMSE": 9.614671498403409e-11,
            "Avg_Dice": 0.3467430877474465,
            "Dice_Empty_Skipped": 0,
            "Spatial_Correlation": 0.7107395521860507,
            "SSIM": 0.8184768109853393,
            "SSIM_Skipped_Frames": 0,
            "Slice_2D": {
                "xy_midplane_z": {
                    "R2": 0.35672161016744586,
                    "SSIM": 0.7808821151720985,
                    "Skipped_Frames": 0
                },
                "xz_midplane_y": {
                    "R2": 0.5293631606175323,
                    "SSIM": 0.747455905912967,
                    "Skipped_Frames": 0
                },
                "yz_midplane_x": {
                    "R2": 0.3833683436550329,
                    "SSIM": 0.8751655952085164,
                    "Skipped_Frames": 0
                }
            }
        }
    }
}