{
    "grid": 50,
    "seed": 100,
    "cytokine": "il10",
    "run": "run_0062",
    "best_params": {
        "p": 64,
        "hidden": 256,
        "learning_rate": 0.0008691089486124979,
        "batch_size": 2,
        "chunk_size": 4096
    },
    "optuna_best_val_loss": 5.0112141409572946e-05,
    "train_time_seconds": 561.71,
    "pred_time_seconds": 41.21,
    "results": {
        "Near_Horizon_t82_t91": {
            "Global_R2": 0.957485218240125,
            "Per_Timestep_R2": [
                0.9936144488774641,
                0.9170862163346742,
                0.995408556189887,
                0.9345089055058377,
                0.9424665260126814,
                0.8891722196908689,
                0.9472980669851117,
                0.9614874708451195,
                0.9990051541542295,
                0.9981459499194222
            ],
            "Masked_RMSE": 3.6467211168458597e-10,
            "Unmasked_RMSE": 2.753417314034065e-11,
            "Avg_Dice": 0.9959162738082658,
            "Dice_Empty_Skipped": 0,
            "Spatial_Correlation": 0.9954867394170896,
            "SSIM": 0.9522346017647006,
            "SSIM_Skipped_Frames": 0,
            "Slice_2D": {
                "xy_midplane_z": {
                    "R2": 0.9815919227950227,
                    "SSIM": 0.9546849298187151,
                    "Skipped_Frames": 0
                },
                "xz_midplane_y": {
                    "R2": 0.993392332405738,
                    "SSIM": 0.957701627098378,
                    "Skipped_Frames": 0
                },
                "yz_midplane_x": {
                    "R2": 0.8745521894578742,
                    "SSIM": 0.9513965056922187,
                    "Skipped_Frames": 0
                }
            }
        },
        "Far_Horizon_t92_t100": {
            "Global_R2": 0.9665564411575809,
            "Per_Timestep_R2": [
                0.9709045661256162,
                0.9708902036668668,
                0.9442583016911023,
                0.969582714917403,
                0.9948820127936059,
                0.967022652831921,
                0.9218199957480853,
                0.9950161739040269,
                0.965929470192521
            ],
            "Masked_RMSE": 3.8470494104329805e-10,
            "Unmasked_RMSE": 2.3997969048607183e-11,
            "Avg_Dice": 0.9958051911525865,
            "Dice_Empty_Skipped": 0,
            "Spatial_Correlation": 0.9891364743122398,
            "SSIM": 0.9861572572666025,
            "SSIM_Skipped_Frames": 0,
            "Slice_2D": {
                "xy_midplane_z": {
                    "R2": 0.9905812399360747,
                    "SSIM": 0.9883739723453454,
                    "Skipped_Frames": 0
                },
                "xz_midplane_y": {
                    "R2": 0.9553011543119071,
                    "SSIM": 0.9880229716929109,
                    "Skipped_Frames": 0
                },
                "yz_midplane_x": {
                    "R2": 0.8354080144961491,
                    "SSIM": 0.9818467468876803,
                    "Skipped_Frames": 0
                }
            }
        }
    }
}