{
    "grid": 50,
    "seed": 1,
    "cytokine": "il8",
    "run": "run_0062",
    "best_params": {
        "p": 64,
        "hidden": 256,
        "learning_rate": 0.0008691089486124979,
        "batch_size": 2,
        "chunk_size": 4096
    },
    "optuna_best_val_loss": 2.448678045062303e-05,
    "train_time_seconds": 722.1,
    "pred_time_seconds": 42.35,
    "results": {
        "Near_Horizon_t82_t91": {
            "Global_R2": 0.9976915000675465,
            "Per_Timestep_R2": [
                0.9999318216041545,
                0.9992704423228798,
                0.9991226667879111,
                0.9997572085054799,
                0.9997463011440301,
                0.9966979872831583,
                0.9973860476237049,
                0.9980037827639813,
                0.9951385452482847,
                0.992202972860725
            ],
            "Masked_RMSE": 3.0881916490507325e-10,
            "Unmasked_RMSE": 1.2419850444812632e-10,
            "Avg_Dice": 0.96919961961427,
            "Dice_Empty_Skipped": 0,
            "Spatial_Correlation": 0.9998607839358914,
            "SSIM": 0.9808027971040596,
            "SSIM_Skipped_Frames": 0,
            "Slice_2D": {
                "xy_midplane_z": {
                    "R2": 0.997243762911966,
                    "SSIM": 0.9746253987704574,
                    "Skipped_Frames": 0
                },
                "xz_midplane_y": {
                    "R2": 0.9977420380995528,
                    "SSIM": 0.9892186031885718,
                    "Skipped_Frames": 0
                },
                "yz_midplane_x": {
                    "R2": 0.9965854038241492,
                    "SSIM": 0.9647717882899665,
                    "Skipped_Frames": 0
                }
            }
        },
        "Far_Horizon_t92_t100": {
            "Global_R2": 0.9899197628397851,
            "Per_Timestep_R2": [
                0.9935863238793968,
                0.9949623899197781,
                0.9935313271619279,
                0.9912167357455457,
                0.9947725320220041,
                0.9926696204900756,
                0.9882094923680788,
                0.9814953741166726,
                0.9793670653396652
            ],
            "Masked_RMSE": 6.376161360327086e-10,
            "Unmasked_RMSE": 2.668017671063168e-10,
            "Avg_Dice": 0.9301809658778422,
            "Dice_Empty_Skipped": 0,
            "Spatial_Correlation": 0.9995103688324831,
            "SSIM": 0.9408552811990081,
            "SSIM_Skipped_Frames": 0,
            "Slice_2D": {
                "xy_midplane_z": {
                    "R2": 0.9878089000384591,
                    "SSIM": 0.9143658166408889,
                    "Skipped_Frames": 0
                },
                "xz_midplane_y": {
                    "R2": 0.9896987809515004,
                    "SSIM": 0.962674856090358,
                    "Skipped_Frames": 0
                },
                "yz_midplane_x": {
                    "R2": 0.9856323302618946,
                    "SSIM": 0.8968084894539489,
                    "Skipped_Frames": 0
                }
            }
        }
    }
}