{
    "grid": 50,
    "seed": 42,
    "cytokine": "tgf",
    "run": "run_0062",
    "best_params": {
        "p": 64,
        "hidden": 128,
        "learning_rate": 0.0009951965449831017,
        "batch_size": 2,
        "chunk_size": 4096
    },
    "optuna_best_val_loss": 0.001049521574309291,
    "train_time_seconds": 1049.99,
    "pred_time_seconds": 35.93,
    "results": {
        "Near_Horizon_t82_t91": {
            "Global_R2": 0.9938730893879836,
            "Per_Timestep_R2": [
                0.9995897908686089,
                0.9992512093680397,
                0.9978897181785784,
                0.9954598496068977,
                0.9946455624236524,
                0.9914471382905282,
                0.9948528238743175,
                0.9922976194038458,
                0.9901133012631238,
                0.984780500671472
            ],
            "Masked_RMSE": 1.0212914871746498e-10,
            "Unmasked_RMSE": 1.0355559467708204e-11,
            "Avg_Dice": 0.9489053325803773,
            "Dice_Empty_Skipped": 0,
            "Spatial_Correlation": 0.999394384950098,
            "SSIM": 0.9727266848407291,
            "SSIM_Skipped_Frames": 0,
            "Slice_2D": {
                "xy_midplane_z": {
                    "R2": 0.9916215459818198,
                    "SSIM": 0.9287612351988358,
                    "Skipped_Frames": 0
                },
                "xz_midplane_y": {
                    "R2": 0.994967696973767,
                    "SSIM": 0.8891288980043035,
                    "Skipped_Frames": 0
                },
                "yz_midplane_x": {
                    "R2": 0.9957785170504676,
                    "SSIM": 0.9324092851970093,
                    "Skipped_Frames": 0
                }
            }
        },
        "Far_Horizon_t92_t100": {
            "Global_R2": 0.9824145939814185,
            "Per_Timestep_R2": [
                0.9918752503468878,
                0.9907725577199783,
                0.9890663170382404,
                0.984161038079069,
                0.9817273630172278,
                0.9854623040124072,
                0.9792954445916916,
                0.9691123298658356,
                0.9718760788360629
            ],
            "Masked_RMSE": 1.0151688272110537e-10,
            "Unmasked_RMSE": 1.860225113862616e-11,
            "Avg_Dice": 0.9001590595662776,
            "Dice_Empty_Skipped": 0,
            "Spatial_Correlation": 0.999236253776554,
            "SSIM": 0.9559525826660403,
            "SSIM_Skipped_Frames": 0,
            "Slice_2D": {
                "xy_midplane_z": {
                    "R2": 0.9823491568940389,
                    "SSIM": 0.8955346494993045,
                    "Skipped_Frames": 0
                },
                "xz_midplane_y": {
                    "R2": 0.9841273240040133,
                    "SSIM": 0.8417317039521478,
                    "Skipped_Frames": 0
                },
                "yz_midplane_x": {
                    "R2": 0.9841472856419323,
                    "SSIM": 0.8920337922750381,
                    "Skipped_Frames": 0
                }
            }
        }
    }
}