{
    "grid": 50,
    "seed": 42,
    "cytokine": "il1",
    "run": "run_0062",
    "best_params": {
        "p": 64,
        "hidden": 128,
        "learning_rate": 0.0009112136566735866,
        "batch_size": 2,
        "chunk_size": 4096
    },
    "optuna_best_val_loss": 0.0006834880619041336,
    "train_time_seconds": 681.75,
    "pred_time_seconds": 37.41,
    "results": {
        "Near_Horizon_t82_t91": {
            "Global_R2": 0.9910785636544759,
            "Per_Timestep_R2": [
                0.996651642485356,
                0.9963047473089399,
                0.9979170287755166,
                0.9915912025216134,
                0.9896274827839403,
                0.985398882145758,
                0.9938795786850871,
                0.9919335439974165,
                0.9915688881973121,
                0.9776547474360546
            ],
            "Masked_RMSE": 1.765830140081485e-12,
            "Unmasked_RMSE": 3.1644790486846336e-13,
            "Avg_Dice": 0.9901878870737614,
            "Dice_Empty_Skipped": 0,
            "Spatial_Correlation": 0.9982110523352192,
            "SSIM": 0.7123118753281685,
            "SSIM_Skipped_Frames": 0,
            "Slice_2D": {
                "xy_midplane_z": {
                    "R2": 0.9927817522919063,
                    "SSIM": 0.6372139870076671,
                    "Skipped_Frames": 0
                },
                "xz_midplane_y": {
                    "R2": 0.9948355648088848,
                    "SSIM": 0.7913395266511423,
                    "Skipped_Frames": 0
                },
                "yz_midplane_x": {
                    "R2": 0.9888584648334906,
                    "SSIM": 0.49039791878431604,
                    "Skipped_Frames": 0
                }
            }
        },
        "Far_Horizon_t92_t100": {
            "Global_R2": 0.9803430320331952,
            "Per_Timestep_R2": [
                0.9916796048760163,
                0.9894335752963771,
                0.9897306422940522,
                0.9843083479368802,
                0.9731891002295644,
                0.9847460283434083,
                0.9756013232001978,
                0.9612074938368871,
                0.9752672310479288
            ],
            "Masked_RMSE": 5.093795183540964e-13,
            "Unmasked_RMSE": 5.012826281907781e-13,
            "Avg_Dice": 0.909958988360681,
            "Dice_Empty_Skipped": 0,
            "Spatial_Correlation": 0.9989346034839228,
            "SSIM": 0.5828838569895598,
            "SSIM_Skipped_Frames": 0,
            "Slice_2D": {
                "xy_midplane_z": {
                    "R2": 0.9812839267263013,
                    "SSIM": 0.4902053635190469,
                    "Skipped_Frames": 0
                },
                "xz_midplane_y": {
                    "R2": 0.9865034671770319,
                    "SSIM": 0.6956281700266871,
                    "Skipped_Frames": 0
                },
                "yz_midplane_x": {
                    "R2": 0.9674711615486912,
                    "SSIM": 0.24979115693930096,
                    "Skipped_Frames": 0
                }
            }
        }
    }
}