{
    "grid": 50,
    "seed": 42,
    "cytokine": "il10",
    "run": "run_0062",
    "best_params": {
        "p": 64,
        "hidden": 256,
        "learning_rate": 0.0008691089486124979,
        "batch_size": 2,
        "chunk_size": 4096
    },
    "optuna_best_val_loss": 5.0112141409572946e-05,
    "train_time_seconds": 386.03,
    "pred_time_seconds": 41.33,
    "results": {
        "Near_Horizon_t82_t91": {
            "Global_R2": 0.9432746688356803,
            "Per_Timestep_R2": [
                0.9831405990042231,
                0.9220833530001454,
                0.9981407783166077,
                0.9205608197188727,
                0.8984951523603182,
                0.9742432677935982,
                0.9112837719307959,
                0.9560912392707333,
                0.9756609195775879,
                0.8938275840777865
            ],
            "Masked_RMSE": 3.6447603134292934e-10,
            "Unmasked_RMSE": 3.180464716677886e-11,
            "Avg_Dice": 0.9954284689302171,
            "Dice_Empty_Skipped": 0,
            "Spatial_Correlation": 0.992703384296228,
            "SSIM": 0.9231224224411421,
            "SSIM_Skipped_Frames": 0,
            "Slice_2D": {
                "xy_midplane_z": {
                    "R2": 0.9646964228722774,
                    "SSIM": 0.9202621033221965,
                    "Skipped_Frames": 0
                },
                "xz_midplane_y": {
                    "R2": 0.9868505037192852,
                    "SSIM": 0.9252046812564894,
                    "Skipped_Frames": 0
                },
                "yz_midplane_x": {
                    "R2": 0.7729194559364132,
                    "SSIM": 0.9173643142032237,
                    "Skipped_Frames": 0
                }
            }
        },
        "Far_Horizon_t92_t100": {
            "Global_R2": 0.8359361183744923,
            "Per_Timestep_R2": [
                0.9507777423924129,
                0.8811268804397158,
                0.8641746972703406,
                0.9412336108778346,
                0.6828464759802964,
                0.8970663662871627,
                0.9283310704675551,
                0.4341939470822598,
                0.9331816899512569
            ],
            "Masked_RMSE": 3.8897434785683706e-10,
            "Unmasked_RMSE": 5.315262739776288e-11,
            "Avg_Dice": 0.9947810386152133,
            "Dice_Empty_Skipped": 0,
            "Spatial_Correlation": 0.9809694522451388,
            "SSIM": 0.8040430150714823,
            "SSIM_Skipped_Frames": 0,
            "Slice_2D": {
                "xy_midplane_z": {
                    "R2": 0.8431501988603868,
                    "SSIM": 0.799720342059627,
                    "Skipped_Frames": 0
                },
                "xz_midplane_y": {
                    "R2": 0.8978871912918547,
                    "SSIM": 0.8043159033237122,
                    "Skipped_Frames": 0
                },
                "yz_midplane_x": {
                    "R2": 0.722200047468333,
                    "SSIM": 0.789157993623044,
                    "Skipped_Frames": 0
                }
            }
        }
    }
}