{
    "grid": 50,
    "seed": 42,
    "cytokine": "il8",
    "run": "run_0062",
    "best_params": {
        "p": 64,
        "hidden": 256,
        "learning_rate": 0.0008691089486124979,
        "batch_size": 2,
        "chunk_size": 4096
    },
    "optuna_best_val_loss": 2.448678045062303e-05,
    "train_time_seconds": 620.32,
    "pred_time_seconds": 43.12,
    "results": {
        "Near_Horizon_t82_t91": {
            "Global_R2": 0.9996779734585048,
            "Per_Timestep_R2": [
                0.9997886505461282,
                0.9999087323765979,
                0.9998787910590292,
                0.9997535826397586,
                0.9997055525575744,
                0.9996540363106493,
                0.9997552608096177,
                0.9995428270317244,
                0.9996540444406328,
                0.9991648029395134
            ],
            "Masked_RMSE": 7.903556630234403e-11,
            "Unmasked_RMSE": 4.638710477051742e-11,
            "Avg_Dice": 0.9939062749157195,
            "Dice_Empty_Skipped": 0,
            "Spatial_Correlation": 0.9999,
            "SSIM": 0.9984160186617033,
            "SSIM_Skipped_Frames": 0,
            "Slice_2D": {
                "xy_midplane_z": {
                    "R2": 0.999673392074911,
                    "SSIM": 0.9985620613112287,
                    "Skipped_Frames": 0
                },
                "xz_midplane_y": {
                    "R2": 0.9996449595733392,
                    "SSIM": 0.999180235950176,
                    "Skipped_Frames": 0
                },
                "yz_midplane_x": {
                    "R2": 0.9995977064068585,
                    "SSIM": 0.9972128866286314,
                    "Skipped_Frames": 0
                }
            }
        },
        "Far_Horizon_t92_t100": {
            "Global_R2": 0.9990244095093553,
            "Per_Timestep_R2": [
                0.9996290290973833,
                0.9995133688091549,
                0.9993338723812546,
                0.9993846870910079,
                0.9989409776620174,
                0.9992198428152389,
                0.9985448762031544,
                0.9977764370748894,
                0.9989256429437808
            ],
            "Masked_RMSE": 1.227082671724267e-10,
            "Unmasked_RMSE": 8.30017226446877e-11,
            "Avg_Dice": 0.9918280090315973,
            "Dice_Empty_Skipped": 0,
            "Spatial_Correlation": 0.9998471443409084,
            "SSIM": 0.9971309463838186,
            "SSIM_Skipped_Frames": 0,
            "Slice_2D": {
                "xy_midplane_z": {
                    "R2": 0.9991348528607067,
                    "SSIM": 0.9975838203679765,
                    "Skipped_Frames": 0
                },
                "xz_midplane_y": {
                    "R2": 0.9989386558001784,
                    "SSIM": 0.9981966370745984,
                    "Skipped_Frames": 0
                },
                "yz_midplane_x": {
                    "R2": 0.9988180438364991,
                    "SSIM": 0.99512436568132,
                    "Skipped_Frames": 0
                }
            }
        }
    }
}