{
    "grid": 50,
    "seed": 100,
    "cytokine": "il8",
    "run": "run_0062",
    "best_params": {
        "p": 64,
        "hidden": 256,
        "learning_rate": 0.0008691089486124979,
        "batch_size": 2,
        "chunk_size": 4096
    },
    "optuna_best_val_loss": 2.448678045062303e-05,
    "train_time_seconds": 611.61,
    "pred_time_seconds": 42.78,
    "results": {
        "Near_Horizon_t82_t91": {
            "Global_R2": 0.9996093221639656,
            "Per_Timestep_R2": [
                0.9999377622155388,
                0.9999420850703089,
                0.999885145684118,
                0.9998086450941527,
                0.9998910614070453,
                0.9996393274076406,
                0.9996257870093852,
                0.9996014795698696,
                0.9991849261646997,
                0.9986346953698702
            ],
            "Masked_RMSE": 1.416561688949415e-10,
            "Unmasked_RMSE": 5.109293132461638e-11,
            "Avg_Dice": 0.9929324994630452,
            "Dice_Empty_Skipped": 0,
            "Spatial_Correlation": 0.9999,
            "SSIM": 0.996769497920518,
            "SSIM_Skipped_Frames": 0,
            "Slice_2D": {
                "xy_midplane_z": {
                    "R2": 0.9995823488018653,
                    "SSIM": 0.9974429066298128,
                    "Skipped_Frames": 0
                },
                "xz_midplane_y": {
                    "R2": 0.9996309575595813,
                    "SSIM": 0.9986177097328822,
                    "Skipped_Frames": 0
                },
                "yz_midplane_x": {
                    "R2": 0.9995215467598573,
                    "SSIM": 0.9931409776202462,
                    "Skipped_Frames": 0
                }
            }
        },
        "Far_Horizon_t92_t100": {
            "Global_R2": 0.9978334108715772,
            "Per_Timestep_R2": [
                0.9988565623030058,
                0.9985590909286626,
                0.998511782222957,
                0.9981230249706916,
                0.9985766212362489,
                0.9971840006148107,
                0.9973433169363423,
                0.9969751179559213,
                0.9964578737471391
            ],
            "Masked_RMSE": 3.2750829355342556e-10,
            "Unmasked_RMSE": 1.2369199850547548e-10,
            "Avg_Dice": 0.978194353603449,
            "Dice_Empty_Skipped": 0,
            "Spatial_Correlation": 0.9998916813328453,
            "SSIM": 0.9859734143891897,
            "SSIM_Skipped_Frames": 0,
            "Slice_2D": {
                "xy_midplane_z": {
                    "R2": 0.997685107947727,
                    "SSIM": 0.9888990912163942,
                    "Skipped_Frames": 0
                },
                "xz_midplane_y": {
                    "R2": 0.9978055701858641,
                    "SSIM": 0.9941451621708377,
                    "Skipped_Frames": 0
                },
                "yz_midplane_x": {
                    "R2": 0.9975110726302885,
                    "SSIM": 0.9735631855977963,
                    "Skipped_Frames": 0
                }
            }
        }
    }
}