{
    "grid": 50,
    "seed": 42,
    "cytokine": "tnf",
    "run": "run_0062",
    "best_params": {
        "p": 64,
        "hidden": 256,
        "learning_rate": 0.0008691089486124979,
        "batch_size": 2,
        "chunk_size": 4096
    },
    "optuna_best_val_loss": 2.3318722795069805e-05,
    "train_time_seconds": 432.91,
    "pred_time_seconds": 36.72,
    "results": {
        "Near_Horizon_t82_t91": {
            "Global_R2": 0.9824534601246758,
            "Per_Timestep_R2": [
                0.9977798558425085,
                0.9918807853975907,
                0.9973105795562416,
                0.9728691617105077,
                0.9731365846908989,
                0.9753896722444251,
                0.9719240051644982,
                0.9742890445213381,
                0.9753877780113175,
                0.9961896933643384
            ],
            "Masked_RMSE": 2.04742241751972e-09,
            "Unmasked_RMSE": 1.0445528643261984e-10,
            "Avg_Dice": 0.9953300420886064,
            "Dice_Empty_Skipped": 0,
            "Spatial_Correlation": 0.9950245618584628,
            "SSIM": 0.9981015974759913,
            "SSIM_Skipped_Frames": 0,
            "Slice_2D": {
                "xy_midplane_z": {
                    "R2": 0.991307740661744,
                    "SSIM": 0.9981508138058677,
                    "Skipped_Frames": 0
                },
                "xz_midplane_y": {
                    "R2": 0.9984298856968981,
                    "SSIM": 0.9992178040955559,
                    "Skipped_Frames": 0
                },
                "yz_midplane_x": {
                    "R2": 0.9631334513924692,
                    "SSIM": 0.9996026443614469,
                    "Skipped_Frames": 0
                }
            }
        },
        "Far_Horizon_t92_t100": {
            "Global_R2": 0.9926143043484219,
            "Per_Timestep_R2": [
                0.994971308719163,
                0.993883081808219,
                0.99216044458399,
                0.9940203326911627,
                0.9947218690551434,
                0.9922266688239345,
                0.9930029797281864,
                0.9882320329688854,
                0.9901202992017711
            ],
            "Masked_RMSE": 5.84035485821817e-10,
            "Unmasked_RMSE": 6.855240440688358e-11,
            "Avg_Dice": 0.9972389229700455,
            "Dice_Empty_Skipped": 0,
            "Spatial_Correlation": 0.9969775875916239,
            "SSIM": 0.9973076009919589,
            "SSIM_Skipped_Frames": 0,
            "Slice_2D": {
                "xy_midplane_z": {
                    "R2": 0.9832751989436667,
                    "SSIM": 0.994967785387369,
                    "Skipped_Frames": 0
                },
                "xz_midplane_y": {
                    "R2": 0.9934036313004184,
                    "SSIM": 0.9941953603987231,
                    "Skipped_Frames": 0
                },
                "yz_midplane_x": {
                    "R2": 0.8448358712668385,
                    "SSIM": 0.9944173499114015,
                    "Skipped_Frames": 0
                }
            }
        }
    }
}