{
    "grid": 50,
    "seed": 1,
    "cytokine": "il10",
    "run": "run_0062",
    "best_params": {
        "p": 64,
        "hidden": 256,
        "learning_rate": 0.0008691089486124979,
        "batch_size": 2,
        "chunk_size": 4096
    },
    "optuna_best_val_loss": 5.0112141409572946e-05,
    "train_time_seconds": 354.07,
    "pred_time_seconds": 40.85,
    "results": {
        "Near_Horizon_t82_t91": {
            "Global_R2": 0.9757251582380839,
            "Per_Timestep_R2": [
                0.9991796667973047,
                0.922631224918492,
                0.9984597181454632,
                0.9716832362588468,
                0.971270013886417,
                0.9954361082594257,
                0.9452049195702181,
                0.9694757960917372,
                0.9955030259833534,
                0.992310168709306
            ],
            "Masked_RMSE": 3.6403971155745683e-10,
            "Unmasked_RMSE": 2.0805601011742863e-11,
            "Avg_Dice": 0.9959162738082658,
            "Dice_Empty_Skipped": 0,
            "Spatial_Correlation": 0.9952205517242797,
            "SSIM": 0.9980411799423784,
            "SSIM_Skipped_Frames": 0,
            "Slice_2D": {
                "xy_midplane_z": {
                    "R2": 0.9940840746779889,
                    "SSIM": 0.9985028463192791,
                    "Skipped_Frames": 0
                },
                "xz_midplane_y": {
                    "R2": 0.9981399110106743,
                    "SSIM": 0.9990330647802566,
                    "Skipped_Frames": 0
                },
                "yz_midplane_x": {
                    "R2": 0.9755710456623063,
                    "SSIM": 0.9989842471263322,
                    "Skipped_Frames": 0
                }
            }
        },
        "Far_Horizon_t92_t100": {
            "Global_R2": 0.9652781668178734,
            "Per_Timestep_R2": [
                0.966213517794766,
                0.9644145218246643,
                0.9386435048192876,
                0.9646150503697907,
                0.9876320198050645,
                0.9613174226933614,
                0.9592265933147858,
                0.9876071145693655,
                0.9589486659157963
            ],
            "Masked_RMSE": 3.845347978955094e-10,
            "Unmasked_RMSE": 2.445229175576081e-11,
            "Avg_Dice": 0.9952735837369211,
            "Dice_Empty_Skipped": 0,
            "Spatial_Correlation": 0.9855256500497431,
            "SSIM": 0.9965236079819957,
            "SSIM_Skipped_Frames": 0,
            "Slice_2D": {
                "xy_midplane_z": {
                    "R2": 0.9814408016201406,
                    "SSIM": 0.9954598225736585,
                    "Skipped_Frames": 0
                },
                "xz_midplane_y": {
                    "R2": 0.953229675455814,
                    "SSIM": 0.9953899588757172,
                    "Skipped_Frames": 0
                },
                "yz_midplane_x": {
                    "R2": 0.8294160061108103,
                    "SSIM": 0.9926924800135676,
                    "Skipped_Frames": 0
                }
            }
        }
    }
}