{
  "run_id": "run_0010",
  "params": {
    "keil8": 4.504835896796513e-08,
    "km1il6": 3.974258657289724e-08,
    "km2il10": 7.164922967599172e-09,
    "km2tgf": 4.3479980723359675e-08,
    "lnril8": 0.32154773186627816,
    "sigmoidb": 5.016873217765147,
    "init_ec": 96,
    "init_n": 112,
    "init_m": 120,
    "init_f": 9
  }
}