{
  "run_id": "run_0003",
  "params": {
    "keil8": 4.9586607468820034e-08,
    "km1il6": 3.607803517463421e-08,
    "km2il10": 5.746318588902231e-09,
    "km2tgf": 3.2976592752696466e-08,
    "lnril8": 0.17833242475438935,
    "sigmoidb": 3.8033286710115526,
    "init_ec": 75,
    "init_n": 142,
    "init_m": 88,
    "init_f": 11
  }
}