{
  "run_id": "run_0011",
  "params": {
    "keil8": 5.048739211837443e-08,
    "km1il6": 3.899173988321399e-08,
    "km2il10": 9.153035851734325e-09,
    "km2tgf": 3.827529728100932e-08,
    "lnril8": 0.1933318736440513,
    "sigmoidb": 4.342794635460184,
    "init_ec": 75,
    "init_n": 141,
    "init_m": 95,
    "init_f": 11
  }
}