{
  "run_id": "run_0005",
  "params": {
    "keil8": 4.8491706450983887e-08,
    "km1il6": 4.3458497117652215e-08,
    "km2il10": 5.488488070409901e-09,
    "km2tgf": 3.705920400707971e-08,
    "lnril8": 0.3012516102979072,
    "sigmoidb": 4.460685655420077,
    "init_ec": 79,
    "init_n": 78,
    "init_m": 80,
    "init_f": 9
  }
}