{
  "run_id": "run_0001",
  "params": {
    "keil8": 3.647889428463791e-08,
    "km1il6": 4.530694705672867e-08,
    "km2il10": 5.39136309360399e-09,
    "km2tgf": 4.311140361853006e-08,
    "lnril8": 0.1823587339781685,
    "sigmoidb": 3.448585063560718,
    "init_ec": 106,
    "init_n": 81,
    "init_m": 99,
    "init_f": 9
  }
}