{
  "run_id": "run_0012",
  "params": {
    "keil8": 3.304334834817894e-08,
    "km1il6": 4.0366075825467865e-08,
    "km2il10": 8.386231951913224e-09,
    "km2tgf": 5.826448518736296e-08,
    "lnril8": 0.21523484082559113,
    "sigmoidb": 4.315441257181783,
    "init_ec": 72,
    "init_n": 141,
    "init_m": 106,
    "init_f": 10
  }
}